code;grd;adresse;departement;telephone;contact;eic;site_web;code_postal;code_commune;commune;dep_nom;reg_nom;energie;pdl;sdes;geo
AZGN;Antargaz-Finagaz;3, place de la Saverne;92;08 11 00 07 07;;;gaznaturel.antargaz.fr/energie-particuliers;92400;;Courbevoie;;;Gaz;;EL152;
GBWR;Caléo;7, route de Colmar - BP 117;68;03 89 62 12 12;;;caleo-guebwiller.fr;68502;68112;Guebwiller Cedex;Haut-Rhin;Grand Est;Gaz;;EDG18;47.9096692207, 7.21013500007
COOP;Coopérative d'électricité de Villiers sur Marne;11Bis, rue André Maginot;94;01 49 30 20 52;contact@coop-elec.fr;17X100B100A21445;coop-elec.fr;94350;94079;Villiers-sur-Marne;Val-de-Marne;Île-de-France;Électricité;660;EL004;48.8259586165, 2.54520483293
ENED;Enedis;34, place des corolles;92;;;17X100A100A0001A;enedis.fr/;92400;92026;Courbevoie;Hauts-de-Seine;Île-de-France;Électricité;500-599,800-899;EL145;48.8984504771, 2.25570587289
SESS;Energie et Services de Seyssel;32, Rue de Savoie - 74910 SEYSSEL;74;04 50 56 10 22;informations@regie-seyssel.com;17X100A100A0513K;es-seyssel.com;74910;74269;Seyssel;Haute-Savoie;Auvergne-Rhône-Alpes;Électricité;818;EL022;45.959506245, 5.8529871085
SARR;Energies et Services Sarre-Union;10 Chemin de la Sarre - BP 57;67;03 88 00 13 71;regie@electricite-sarre-union.fr;17X100B100A2120J;energies-services.org/sarre-union;67262;67434;Sarre-Union Cedex;Bas-Rhin;Grand Est;Électricité;796;EL058;48.9451866571, 7.08863161456
LAVAG;Energies Services Lavaur;18, Avenue Victor Hugo;81;05 63 83 64 80;s.blanc@rmel81.fr;17X100B100A2058Z;esl-energies.fr;81500;81140;Lavaur;Tarn;Occitanie;Gaz;;EL012;43.6895628711, 1.79437213708
CARX;Ene'O - Energies Services Occitans;57, ter avenue Bouloc-Torcatis - BP 10;81;05 63 80 22 25;courrier@rmgecarmaux.fr;17X100B100A2026B;oya-energies.fr/;81400;81060;Carmaux;Tarn;Occitanie;Électricité;646;EL011;44.0566667256, 2.16641418483
AVOL;Energis;53 Rue Foch - BP 50005;57;03 87 91 25 03;accueil@regie-energis.com;17XST-AVOLD2096H;www.regie-energis.com;57501;57500;Saint Avold Cedex;Moselle;Grand Est;Électricité;616;EL074;48.6801953438, 6.97253040466
BARRE;Gaz de Barr;1 Rue du Lycée - BP 37;67;03 88 58 56 70;gdb@gaz-de-barr.fr;17X100B100B2010K;gaz-de-barr.com;67141;67021;Barr Cedex;Bas-Rhin;Grand Est;Électricité;624;EL056;48.4149512356, 7.39930438782
PRON;Gazelec de Péronne;32, Faubourg de Bretagne - BP 67;80;03 22 73 31 31;direction@gazelec.fr;17X100B100B2081Y;gazelec.fr;80201;80620;Péronne Cedex;Somme;Hauts-de-France;Gaz;;EL014;49.928328669, 2.93001266218
GEDI;Gedia;7 rue des Fontaines;28;02 37 65 00 00;grdelec@gedia-dreux.com;17X100A100A04388;www.gedia-energies.com;28109;28134;Dreux Cedex;Eure-et-Loir;Centre-Val de Loire;Électricité;686;EL120;48.7485203213, 1.35931854112
GERE;GÉRÉDIS;17 rue des Herbillaux – CS18840;79;05 49 08 54 12;accueil-grd@geredis.fr;17X100A100A03772;geredis.fr;79028;79191;Niort Cedex;Deux-Sèvres;Nouvelle-Aquitaine;Électricité;690;EL016;46.328260242, -0.465353019369
GIGN;Gignac Energie;1, Avenue Maréchal Foch - BP 11;34;04 67 57 52 30;regie-municipale@ville-gignac.fr;17X100B100A20457;gignac-energie.com;34150;34114;Gignac;Hérault;Occitanie;Électricité;692;EL112;43.6393937216, 3.57384628868
GDBX;Regaz Bordeaux;211 Avenue de Labarde – CS 10029;33;05 56 79 41 11;grd@regazbordeaux.com;;www.regaz.fr;33070;33063;Bordeaux Cedex;Gironde;Nouvelle-Aquitaine;Gaz;;EDG03;44.8572445351, -0.57369678116
GATT;Régie communale d'électricité de Gattieres;269, route de Carros;06;04 93 08 66 48;regies@mairie-gattieres.fr;17X100B100A2043B;gattieres.fr/?p=3412;06510;06064;Gattieres;Alpes-Maritimes;Provence-Alpes-Côte d'Azur;Électricité;684;EL140;43.7652195423, 7.16877468184
MLAM;Régie communale d'électricité de Montois-la-Montagne;45, rue du Général de Gaulle;57;03 82 45 16 16;regie.montois@gmail.com;17X100B100A20732;regie.montois.pagesperso-orange.fr/;57860;57481;Montois La Montagne;Moselle;Grand Est;Électricité;730;EL084;49.2211420359, 6.02743804311
RCCE;Régie communale du câble et d'électricité de Montataire;1, rue Romain Rolland;60;03 44 27 57 38;cadre.technique@rccem.fr;17X100B100A20708;rccem.fr;60160;60414;Montataire;Oise;Hauts-de-France;Électricité;766;EL069;49.2632645948, 2.43135724334
BITC;Régie d'électricité de Bitche;2, rue de la Bruyère;57;03 87 96 05 10;regie@reb-bitche.fr;17X100B100A2015G;reb-bitche.fr;57230;57089;Bitche;Moselle;Grand Est;Électricité;632;EL076;49.0473471719, 7.459601871
AVRI;Régie électrique d'Avrieux;154 rue de l'église;73;04 79 20 33 16;regie.electrique@avrieux.com;17X100B100A2009B;regies-electricite-savoie.fr;73500;73026;Avrieux;Savoie;Auvergne-Rhône-Alpes;Électricité;620;EL027;45.1781016318, 6.74676532189
BARC;Régie électrique de Bonneval-sur-Arc;La Ciamarella;73;04 79 05 94 94;regie.bonneval@orange.fr;17X100B100A2016E;regies-electricite-savoie.fr;73480;73047;Bonneval sur Arc;Savoie;Auvergne-Rhône-Alpes;Électricité;622;EL029;45.3858269371, 7.09178979521
RGER;Régie SDED Érôme-Gervans;Mairie de GERVANS;26;04 75 03 30 69;regie-gervans@wanadoo.fr;17X100B100A20449;erome.fr/index.php/vie-pratique/la-regie-electrique;26600;26380;Gervans;Drôme;Auvergne-Rhône-Alpes;Électricité;780;EL123;45.1078817162, 4.83145777292
VROG;Régie électrique de Villaroger;Mairie;73;04 79 06 90 98;mairie.villaroger@wanadoo.fr;17X100B100A2141B;regiemontvalezan.fr;73640;73323;Villaroger;Savoie;Auvergne-Rhône-Alpes;Électricité;892;EL049;45.5575226371, 6.86910255537
PRAT;Régie électrique municipale de Prats-de-Mollo-la-Preste;10 Rue Porte d'Espagne;66;04 68 39 70 54;regie-electrique-municipale@orange.fr;17X100B100A2086U;mairie-pratsdemollolapreste.com/notice-category/regie-electrique/;66230;66150;Prats De Mollo La Preste;Pyrénées-Orientales;Occitanie;Électricité;758;EL062;42.4201535171, 2.44098964514
BAZS;Régie Municipale Bazas-Energies;37ter, cours Gambetta - BP 70021;33;05 56 25 12 11;regie.bazas@wanadoo.fr;17X100B100A2011O;bazas-energies.fr/;33430;33036;Bazas;Gironde;Nouvelle-Aquitaine;Gaz;;EL115;44.4424533682, -0.212326795621
ARIG;Régie municipale d'électricité d'Arignac;Village;09;05 61 05 77 55;responsable.technique@rme09.fr;17X100B100A2007F;rme09.fr/;09400;09015;Arignac;Ariège;Occitanie;Électricité;612;EL137;42.8760950162, 1.5950781123
BRES;Régie municipale d'électricité de La Bresse;18, rue de Hohneck;88;03 29 25 54 00;rme.la-bresse@wanadoo.fr;17X100B100A2020N;labresse.fr/l-electricite;88250;88075;La Bresse;Vosges;Grand Est;Électricité;638;EL008;48.0185002514, 6.92615548288
MAZE;Régie municipale d'électricité de Mazeres;Rue de l'Hôtel de Ville;09;05 61 69 37 57;rmemazeres@fr.oleane.com;17X100B100B2064Y;rme09.fr/;09270;09185;Mazeres;Ariège;Occitanie;Électricité;720;EL130;43.2305454388, 1.67905538155
MERC;Régie municipale d'électricité de Mercus;Village;09;05 34 09 86 10;responsable.technique@rme09.fr;17X100B100A20651;rme09.fr/;09400;09188;Mercus-Garrabet;Ariège;Occitanie;Électricité;722;EL131;42.8795171828, 1.6442180232
MIRA;Régie municipale d'électricité de Miramont les Comminges;rue de Verdun;31;05 61 94 81 41;contact@regie-miramont.fr;17X100B100A2067Y;regie-miramont.fr;31800;31344;Miramont Les Comminges;Haute-Garonne;Occitanie;Électricité;728;EL118;43.0914345294, 0.755642928853
TARA;Régie municipale d'électricité de Tarascon sur Ariege;17, rue de Berga - BP 70110;09;05 61 05 90 08;responsable.technique@rme09.fr;17X100B100A21275;mairie-tarascon.com/la-regie-municipale-d-electricite;09400;09306;Tarascon sur Ariege;Ariège;Occitanie;Électricité;864;EL136;42.8461514685, 1.59648461871
VROD;Régie municipale d'électricité de Villarodin-Bourget;245, rue Saint Pierre;73;04 79 05 14 34;accueil@villarodin-bourget.fr;17X100B100B21407;villarodin-bourget.fr/regie-et-services/;73500;73322;Villarodin-Bourget;Savoie;Auvergne-Rhône-Alpes;Électricité;890;EL048;45.2189045152, 6.69172081742
HOUC;Régie municipale électrique Les Houches;81 Route des Gens - BP 6;74;04 50 55 52 97;compta.reh@reh-leshouches.fr;17X100B100A2050E;reh-leshouches.fr;74310;74143;Les Houches;Haute-Savoie;Auvergne-Rhône-Alpes;Électricité;700;EL023;45.8968732063, 6.8000932715
BNVL;Régie municipale gaz électricité de Bonneville;15, rue du Bois des Tours - BP 61;74;04 50 97 20 57;clientele@rgeb.fr;17X100B100A2017C;rgeb.fr;74132;74042;Bonneville;Haute-Savoie;Auvergne-Rhône-Alpes;Gaz;;EL020;46.0739003968, 6.40868532191
SALL;Régie municipale gaz électricité de Sallanches;196, Avenue Albert Gruffat - BP 138;74;04 50 58 01 44;clientele@rges.fr;17X100B100A21186;rges.fr;74704;74256;Sallanches Cedex;Haute-Savoie;Auvergne-Rhône-Alpes;Électricité;794;EL021;45.9468155788, 6.60711053078
LROL;Régie municipale multiservices de La Réole;1 et 2, avenue du Maréchal Joffre - BP 20003;33;05 56 61 05 13;regie.la.reole@wanadoo.fr;17X100B100A2092Z;rmms-lareole.fr/;33191;33352;La Réole Cedex;Gironde;Nouvelle-Aquitaine;Gaz;;EL113;44.5860904495, -0.042370404021
CAZE;Régies municipales d'électricité de Cazeres;15, Chemin de Malaret;31;05 61 98 45 80;contact@eleance.fr;17X100B100A20279;eleance.fr/;31220;31135;Cazeres;Haute-Garonne;Occitanie;Électricité;648;EL116;43.2203354224, 1.09307402728
HUNE;SAEML Hunelec;17, Quai du Maroc - BP 351;68;03 89 89 76 10;accueil.technique@hunelec.fr;17X100A100A0592Z;hunelec.fr;68333;68149;Huningue Cedex;Haut-Rhin;Grand Est;Électricité;702;EL053;47.5888753858, 7.58124251727
SSCG;SICAE de la Somme et du Cambraisis;11, rue de la République - C.S. 40058 ROISEL;80;03 22 86 45 45;contact@sicaesomme.fr;17X100A100A05546;sicaesomme.fr;80208;80620;Péronne Cedex;Somme;Hauts-de-France;Gaz;;EL146;49.928328669, 2.93001266218
SFERT;SICAE des cantons de la Ferté-Alais et limitrophes;14C, Avenue Carnot;91;01 69 90 65 43;contact@sicae-lfa.fr;17X100B100A20392;www.sicae-lfa.fr;91590;91129;Cerny;Essonne;Île-de-France;Électricité;822;EL005;48.4859798517, 2.31068283872
SELY;SICAE ELY;33, rue de la Gare;78;01 34 94 68 00;contact@sicae-ely.fr;17X100B100A2035A;www.sicae-ely.fr;78910;78605;Tacoignieres;Yvelines;Île-de-France;Électricité;814;EL017;48.8331353956, 1.66523067684
SICAP;SICAP;3 Rue du Moulin de la Canne - BP 458;45;02 38 32 77 77;contact@sicap-pithiviers.net;17X100A100A03683;https://www.sicap-pithiviers.net;45300;45252;Pithiviers;Loiret;Centre-Val de Loire;Électricité;826;EL095;48.1805102613, 2.24994341572
SORE;SOREA;ZAC du Pré de Pâques - 6, Rue Porte Martel;73;04 79 64 02 11;service.technique@sora-maurienne.fr;17X100B100A2030K;sorea-maurienne.fr;73870;73250;Saint Julien Montdenis;Savoie;Auvergne-Rhône-Alpes;Électricité;844;EL039;45.2803881732, 6.41769086937
SRD;SRD;78 Avenue Jacques Coeur;86;03 20 85 72 20;contact@srd-energies.fr;17X100A100A0404P;www.srd-energies.fr;86068;86194;Poitiers Cedex 9;Vienne;Nouvelle-Aquitaine;Électricité;800;EL010;46.5839207726, 0.359947653003
ESR;Strasbourg Électricité Réseaux;26, Boulevard du Président Wilson;67;03 88 20 60 20;grd-contact-re-ma@strasbourg-electricite-reseaux.fr;17X100A100A04752;www.strasbourg-electricite-reseaux.fr;67932;67482;Strasbourg Cedex 9;Bas-Rhin;Grand Est;Électricité;676;EL059;48.5712679849, 7.76752679517
ERST;Usines municipales d'Erstein;14A Rue Jean-Georges Abry - BP 90060;67;03 88 59 86 20;info@ume.fr;17X100B100A20376;ume.fr;67152;67130;Erstein;Bas-Rhin;Grand Est;Électricité;674;EL006;48.4213687934, 7.68523629922
EDFC;EDF Corse;2 avenue Impératrice Eugénie;20;0 969 322 520;;;corse.edf.fr;;20000;Ajaccio;;;Électricité;;EL001;
EDFA;EDF Archipel Guadeloupe;Rue Euvremont Gene;97;05 90 91 76 00;;;edf.gp;;97100;Pointe à Pitre;;;Électricité;;EL001;
EDFG;EDF Guyane;Boulevard Nelson MANDELA;97;05 94 30 95 95;;;edf.gf;;97300;Cayenne;;;Électricité;;EL001;
CARN;SICAE du Carmausin;22, rue Raspail - CS 20081;81;05 63 80 13 40;accueil@SICAEcarmausin.com;17X100B100B20257;oya-energies.fr/;81400;81060;Carmaux;Tarn;Occitanie;Électricité;644;EL013;44.0566667256, 2.16641418483
EDSB;Energie développement services du Briançonnais;Place du Médecin Général Blanchard - BP 6;05;04 92 21 51 51;marc.platon@edsb.fr;17X100B100A2021L;www.edsb.fr;05100;05023;Briancon Cedex;Hautes-Alpes;Provence-Alpes-Côte d'Azur;Électricité;668;EL142;44.8994986041, 6.64947524018
SIVU;Energie Pays Toy;24, Z.A. Soucastets;65;05 62 92 80 59;sivu.electricite@wanadoo.fr;17X100B100A20619;energiepaystoy.fr;65120;65295;Luz Saint Sauveur;Hautes-Pyrénées;Occitanie;Électricité;828;EL067;42.8320053922, 0.0163906780322
HOMB;Energies et services Hombourg-Haut;6, rue des Pénitents;57;03 87 00 22 22;rmeh@hombourgenergies-services.fr;17X100B100A20481;hombourg-haut.fr/vivre-hombourg-haut/regie-municipale.html;57470;57332;Hombourg-Haut;Moselle;Grand Est;Électricité;696;EL081;49.1275851228, 6.77437338619
SCHO;Energies et services Schoeneck;Mairie de SCHOENECK Au Parc;57;03 87 84 26 10;rmes@schoeneckenergies-services.fr;17X100A100B04447;enes.fr/schoeneck/;57350;57638;Schoeneck;Moselle;Grand Est;Électricité;808;EL089;49.2131743265, 6.92043725941
LANN;Energies Services Lannemezan;680 rue Peyrehitte;65;05 62 98 01 69;esl@eslannemezan.fr;17X100B100A20554;www.eslannemezan.fr;65300;65258;Lannemezan;Hautes-Pyrénées;Occitanie;Électricité;708;EL064;43.117063337, 0.39353033034
LNMZ;Energies Services Lannemezan;680, rue Peyrehitte;65;05 62 98 01 69;esl@eslannemezan.fr;17X100B100A20554;www.eslannemezan.fr;65300;65258;Lannemezan;Hautes-Pyrénées;Occitanie;Gaz;;EL064;43.117063337, 0.39353033034
CRMX;Ene'O - Energies Services Occitans;57ter, avenue Bouloc-Torcatis - BP10;81;05 63 80 22 25;courrier@rmgecarmaux.fr;17X100B100A2026B;eneoservices.fr;81400;81060;Carmaux;Tarn;Occitanie;Gaz;;EL011;44.0566667256, 2.16641418483
SAVD;Energis;53, rue Foch - BP 50005;57;03 87 91 25 03;accueil@regie-energis.com;17XST-AVOLD2096H;www.regie-energis.com;57501;57500;Saint Avold Cedex;Moselle;Grand Est;Gaz;;EL074;48.6801953438, 6.97253040466
AIRE;Gascogne Energies Services;Zac des Peyres - 62 Rue de Sarron - BP 145;40;05 58 71 62 43;contact@ges-40.fr;17X100B100A2002P;gascogne-energies-services.com;40801;40001;Aire sur L'Adour Cedex;Landes;Nouvelle-Aquitaine;Électricité;602,604;EL096;43.6983525736, -0.265145513574
ASAD;Gascogne Energies Services;Zac de Peyres - BP143 - 62, rue de Sarron;40;05 58 71 46 00;contact@ges-40.fr;17X100B100A2002P;gascogne-energies-services.com;40801;40001;Aire-sur-l’Adour Cedex;Landes;Nouvelle-Aquitaine;Gaz;;EL096;43.6983525736, -0.265145513574
PERO;Gazelec de Péronne;32 faubourg de Bretagne - BP 67;80;03 22 73 31 31;direction@gazelec.fr;17X100B100B2081Y;gazelec.fr;80201;80620;Peronne Cedex;Somme;Hauts-de-France;Électricité;748;EL014;49.928328669, 2.93001266218
GRDF;GRDF;6, rue condorcet;75;09 69 36 35 34;olga.oliveti-selmi@grdf.fr;17X100A100A00028;grdf.fr;75009;75056;Paris;Paris;Île-de-France;Gaz;;EDG20;48.8567, 2.3508
GEG;GreenAlp;49, rue Félix Esclangon, CS 10110;38;04 76 84 37 25;accueil.grd@greenalp.fr;17X100A100A0416I;greenalp.fr;38042;38185;Grenoble Cedex 9;Isère;Auvergne-Rhône-Alpes;Électricité;606,608,678,688,736,752,760,812,834,846,878,888;EL099;45.1821215167, 5.72133051752
COUN;Régie d’électricité Counozouls;4 rue de la Fontaine;11;;mairiecounozouls@wanadoo.fr;17X100B100A2149W;;11140;11104;Counozouls;Aude;Occitanie;Électricité;;;42.701706795, 2.23007242592
RROQ;Régie d'électricité de Roquebilliere;Immeuble Le Mercantour Rue du Plateau Carlon;06;04 93 03 44 33;regie-electricite-roquebilliere@wanadoo.fr;17X100B100A2095T;www.vesubian.com/roquebilliere/regie_eau_electricite_roquebilliere/regie-electrique.html;06450;06103;Roquebilliere;Alpes-Maritimes;Provence-Alpes-Côte d'Azur;Électricité;790;EL141;44.0270951827, 7.29269467197
ELBE;Régie d'électricité d'Elbeuf;1 rue du 1er mai - BP 345;76;02 35 87 30 30;contact@ree-elbeuf.com;17X100B100A2034C;ree-elbeuf.com;76503;76231;Elbeuf;Seine-Maritime;Normandie;Électricité;670;EL019;49.2767979948, 0.997154590875
SREA;Régie d'électricité du syndicat du sud de la Réole;ZA Bois Majou N° 6;33;05 56 71 04 50;regie.sdr@wanadoo.fr;17X100B100A2093X;electricite-sud-reole.fr/;33124;33002;Aillas;Gironde;Nouvelle-Aquitaine;Électricité;856;EL114;44.4835265148, -0.0662157307002
THON;Régie d'Electricité de Thônes;8 Voie Eugene Fournier-Bidoz - BP 30;74;04 50 32 17 17;service-client@ret.fr;17X100A100A0503N;ret.fr/ret_et_vallee.html;74230;74280;Thones;Haute-Savoie;Auvergne-Rhône-Alpes;Électricité;866;EL024;45.8852613668, 6.31953220709
AUSS;Régie électrique communale d'Aussois;4, rue de l'église;73;04 79 20 30 40;regie-electrique@aussois.com;17X100B100B20087;regies-electricite-savoie.fr;73500;73023;Aussois;Savoie;Auvergne-Rhône-Alpes;Électricité;614;EL026;45.2550275097, 6.72903201851
SFOY;Régie électrique de Sainte-Foy-Tarentaise;Chef lieu;73;04 79 06 93 48;compta-rh@saintefoy-tarentaise.fr;17X100B100A2114E;regiemontvalezan.fr;73640;73232;Sainte-Foy-Tarentaise;Savoie;Auvergne-Rhône-Alpes;Électricité;824;EL038;45.5842289817, 6.94134524499
RFON;Régie électrique municipale de Fontpedrouse;Mairie - Le Bainat d'Availl;66;04 68 97 05 15;fontpedrousemairie@orange.fr;17X100B100A21526;rme09.fr/;66360;66080;Fontpedrouse;Pyrénées-Orientales;Occitanie;Électricité;778;EL150;42.4628889701, 2.19485745621
MTLO;Régie électrique municipale de Mont Louis;Boulevard Vauban;66;04 68 04 21 18;mont-louis@wanadoo.fr;17X100B100A21542;rme09.fr/;66210;66117;Mont-Louis;Pyrénées-Orientales;Occitanie;Électricité;;EL153;42.5104146008, 2.1202342386
LARU;Régie municipale d'électricité de Laruns;22, rue du Port;64;05 59 05 31 81;regie-electrique-laruns@wanadoo.fr;17X100B100A20562;laruns.fr/la-mairie/les-services-municipaux/;64440;64320;Laruns;Pyrénées-Atlantiques;Nouvelle-Aquitaine;Électricité;712;EL068;42.8923840962, -0.419704380499
HOSP;Régie municipale d'électricité de l'Hospitalet Pres l'Andorre;Village;09;05 61 05 20 04;mairie.hospitalet-pres-landorre@wanadoo.fr;17X100B100A20465;rme09.fr/;09390;09139;Hospitalet Pres L'andorre;Ariège;Occitanie;Électricité;698;EL129;42.595464483, 1.7777228207
LOOS;Régie municipale d'électricité de Loos;44 Avenue Georges Dupont - BP 85;59;03 20 07 56 34;contact@electricite-loos.fr;17X100B100A2059X;electricite-loos.fr;59373;59360;Loos;Nord;Hauts-de-France;Électricité;716;EL073;50.608350368, 3.02066096506
MERE;Régie municipale d'électricité de Merens les Vals;Village;09;05 61 64 33 77;responsable.technique@rme09.fr;17X100B100B2066U;rme09.fr/;09110;09189;Merens Les Vals;Ariège;Occitanie;Électricité;724;EL132;42.6279300711, 1.83436205641
QUIE;Régie municipale d'électricité de Quie;Village;09;05 61 05 61 42;responsable.technique@rme09.fr;17X100B100A2089O;rme09.fr/;09400;09240;Quie;Ariège;Occitanie;Électricité;762;EL133;42.8425853909, 1.58955333024
SAVE;Régie municipale d'électricité de Saverdun;6, rue du Moulin - BP 57016;09;05 61 60 33 69;responsable.technique@rme09.fr;17X100B100A2122F;rme09.fr/;09700;09282;Saverdun;Ariège;Occitanie;Électricité;804;EL135;43.2265667321, 1.57373634569
VARI;Régie municipale d'électricité de Varilhes;5, Avenue de Dalou;09;05 61 60 73 49;responsable.technique@rme09.fr;17X100B100A21356;rme09.fr/;09120;09324;Varilhes;Ariège;Occitanie;Électricité;876;EL138;43.0547690657, 1.63364245482
VICD;Régie municipale d'électricité de Vicdessos;Village;09;05 61 64 88 25;responsable.technique@rme09.fr;17X100B100A21364;rme09.fr/;09220;09334;Vicdessos;Ariège;Occitanie;Électricité;882;EL139;42.7733893717, 1.51114862986
MARA;Régie municipale d'électricité et de télédistribution de Marange-Silvange;7, allée des Tisserands;57;03 87 80 38 38;regie.marange.silvange@wanadoo.fr;17X100B100A20627;marange-silvange.energies-services.org;57535;57443;Marange-Silvange;Moselle;Grand Est;Électricité;718;EL082;49.215755032, 6.11238062036
BONN;Régie municipale gaz électricité de Bonneville;15 Rue du Bois des Tours - BP 61;74;04 50 97 20 57;clientele@rgeb.fr;17X100B100A2017C;rgeb.fr;74132;74042;Bonneville;Haute-Savoie;Auvergne-Rhône-Alpes;Électricité;634;EL020;46.0739003968, 6.40868532191
SLCH;Régie municipale gaz électricité de Sallanches;243, avenue St Martin - BP 138;74;04 50 58 01 44;clientele@rges.fr;17X100B100A21186;rges.fr;74704;74256;Sallanches Cedex;Haute-Savoie;Auvergne-Rhône-Alpes;Gaz;;EL021;45.9468155788, 6.60711053078
REOL;Régie municipale multiservices de la Réole;1-2 Avenue du Maréchal Joffre - BP 20003;33;05 56 61 05 13;regie.la.reole@wanadoo.fr;17X100B100A2092Z;rmms-lareole.fr/;33191;33352;La Reole Cedex;Gironde;Nouvelle-Aquitaine;Électricité;776;EL113;44.5860904495, -0.042370404021
CORC;Régie Services Energie;577, route de Saint Trivier sur Moignans;01;04 74 08 07 07;contact@rse01.com;17X100A100A0523H;rse01.com;01330;01005;Amberieux En Dombes;Ain;Auvergne-Rhône-Alpes;Électricité;662;EL144;45.9961799872, 4.91227250796
CAPV;Régies municipales électriques de Capvern;15, rue du 8 mai;65;05 62 39 04 80;regiescapvern@wanadoo.fr;17X100B100A2024F;;65130;65127;Capvern;Hautes-Pyrénées;Occitanie;Électricité;642;EL065;43.1070380886, 0.331958446057
SAIC;SAIC Pers Loisinges;76, chemin du Beule;74;;;17X100B100A2156Z;saic-elec.com;74930;74211;Pers-Jussy;Haute-Savoie;Auvergne-Rhône-Alpes;Électricité;;EL151;46.1018355447, 6.25852776575
SEI;SEI;20, Place de la Defense;92;;;23X160203-000021;;92800;92062;Puteaux;Hauts-de-Seine;Île-de-France;Électricité;757-766;EL001;48.8837094969, 2.23834178314
SEOL;Séolis;336 avenue de Paris - CS 98536;79;05 49 09 91 00;redaction@seolis.net;17X100A100F030DI;seolis.net;79025;79191;Niort Cedex;Deux-Sèvres;Nouvelle-Aquitaine;Gaz;;EDG23;46.328260242, -0.465353019369
SSCE;SICAE de la Somme et du Cambraisis;11, rue de la République - BP 40058 ROISEL;80;03 22 86 45 45;contact@sicaesomme.fr;17X100A100A05546;sicaesomme.fr;80208;80620;Peronne Cedex;Somme;Hauts-de-France;Électricité;858;EL146;49.928328669, 2.93001266218
SVS;SICAE de la vallée du Sausseron;40 Rue Ampère - CS 20195 ENNERY;95;01 34 08 97 97;contact@sicae-vs.fr;17X100A100A0396Z;sicae-vs.fr;95302;95302;Cergy Pontoise;;;Électricité;860;EL003;
SAIS;SICAE de l'Aisne;5, rue André Ampère - CS 80024;02;03 23 75 64 64;sicae@sicae-aisne.com;17X100B100A2003N;www.sicae-aisne.com;02200;02064;Belleu;Aisne;Hauts-de-France;Électricité;792;EL143;49.3567574344, 3.34051688283
SEST;SICAE Est;9 Avenue du lac - BP 70159;70;03 84 96 81 00;contact.vesoul@sicae-est.com;17X100A100B0591V;sicae-est.com;70003;70550;Vesoul Cedex;Haute-Saône;Bourgogne-Franche-Comté;Électricité;820;EL051;47.6320408648, 6.1548458149
SO;SICAE Oise;32 Rue des Domeliers - BP 70525;60;03 44 92 71 00;info@sicae-oise.fr;17X100A100A03578;sicae-oise.fr;60205;60159;Compiegne Cedex;Oise;Hauts-de-France;Électricité;842;EL050;49.3990601478, 2.85317249363
VNNE;Sorégies;78, Avenue Jacques Cœur;86;08 10 50 50 50;contact@soregies.fr;17X100A100R0180U;soregies.fr;86068;86194;Poitiers Cedex 9;Vienne;Nouvelle-Aquitaine;Gaz;;EDG22;46.5839207726, 0.359947653003
SEET;Syndicat des Energies Electriques de Tarentaise;646 rue du plan du Truy;73;04 79 24 64 56;contact@seetarentaise;17X000000935356C;regies-electricite-savoie.fr;73260;73003;Grand Aigueblanche;Savoie;Auvergne-Rhône-Alpes;Électricité;;EL025;45.5198646844, 6.51470725301
METZ;réséda;2bis Rue Ardant du Picq - BP 10102;57;03 87 34 45 45;accueilgrd@reseda.fr;17X100A100A04671;www.reseda.fr;57014;57463;Metz Cedex 1;Moselle;Grand Est;Électricité;726;EL083;49.1081133279, 6.1955245421
HUNG;Trois Frontières Distribution Gaz;17, Quai du Maroc - BP 351;68;;;;www.3f-distrib-gaz.fr;68330;68149;Huningue;Haut-Rhin;Grand Est;Gaz;;EDG19;47.5888753858, 7.58124251727
CLMR;Vialis;10, rue des Bonnes Gens - BP 70187;68;03 89 24 60 50;info@calixo.net;17X100A100A05473;vialis.tm.fr;68004;68066;Colmar Cedex;Haut-Rhin;Grand Est;Gaz;;EL052;48.1099405789, 7.38468690323
EDFM;EDF Martinique;Avenue Victor Lamon;97;05 96 59 22 00;;;edf.mq;;97200;Fort de France;;;Électricité;;EL001;
EDFR;EDF Réunion;14 rue Sainte Anne;97;02 62 28 98 00;;;reunion.edf.fr;;97400;Saint Denis;;;Électricité;;EL001;
ARC;Arc Energies Maurienne;50 place de la mairie;73;;direction@arc-energiesmaurienne.fr;17X0000009352859;regies-electricite-savoie.fr/st-avre;73130;73224;Saint-Avre;Savoie;Auvergne-Rhône-Alpes;Électricité;;EL037;45.3494291274, 6.3154898666
CESML;Coopérative d'électricité de Saint Martin de Londres;158 allée des Ecureuils -;34;04 67 66 67 66;secretariat@cesml.fr;17X100A100A0462B;cesml.com;34982;34255;Saint Gely Du Fesc Cedex;Hérault;Occitanie;Électricité;652;EL147;43.6896523672, 3.80969577473
CREU;Energies et services Creutzwald;132 Rue de la Houve - BP 80;57;03 87 29 39 49;rmec@creutzwaldenergies-services.fr;17X100A100A0445B;creutzwaldenergies-services.com;57150;57160;Creutzwald;Moselle;Grand Est;Électricité;664;EL078;49.2091115915, 6.68082893611
HAGO;Energies et services d'Hagondange;22, rue de la Fontaine;57;03 87 71 66 34;regie-hagondange@wanadoo.fr;17X100B100A20473;www.enes-hag.fr;57300;57283;Hagondange;Moselle;Grand Est;Électricité;694;EL080;49.2467196243, 6.15851425392
PIER;Energies et services Pierrevillers;Bureau Mairie Rue de Verdun;57;03 87 67 94 50;regie.elec.rombas@wanadoo.fr;17X100B100B2083U;es-omega.net;57120;57543;Pierrevillers;Moselle;Grand Est;Électricité;750;EL087;49.2255549058, 6.09577655472
AMNE;Energies et Services ville d'Amneville;Ruelle Saint Nicolas - BP 40009;57;03 87 71 80 00;es.amneville@esathd.net;17X100B100A2006H;es-omega.net;57360;57019;Amneville Les Thermes;Moselle;Grand Est;Électricité;610;EL075;49.2396972255, 6.09947450041
LAVAE;Energies Services Lavaur;18 av Victor Hugo - BP 89;81;05 63 83 64 80;s.blanc@rmel81.fr;17X100B100A2058Z;esl-energies.fr;81503;81140;Lavaur;Tarn;Occitanie;Électricité;714;EL012;43.6895628711, 1.79437213708
SMAC;Energies-services Sainte Marie aux Chênes;1, rue de Gasseville;57;03 87 61 90 32;rce.stemarie@wanadoo.fr;17X100B100A2115C;regie-elec-stemarie.com;57255;57620;Ste Marie Aux Chenes;Moselle;Grand Est;Électricité;832;EL091;49.1914264698, 6.0072170748
BARRG;Gaz de Barr;1, rue du Lycée - BP 37;67;03 88 58 56 70;gdb@gaz-de-barr.fr;17X100B100B2010K;gaz-de-barr.fr;67141;67021;Barr Cedex;Bas-Rhin;Grand Est;Gaz;;EL056;48.4149512356, 7.39930438782
DREU;Gedia;7, rue des Fontaines;28;02 37 65 00 00;grdgaz@gedia-dreux.com;17X100A100A04388;www.gedia-energies.com;28109;28134;Dreux Cedex;Eure-et-Loir;Centre-Val de Loire;Gaz;;EL120;48.7485203213, 1.35931854112
GRNB;GreenAlp;49, rue Félix Esclangon,CS 10110;38;04 76 84 37 25;accueil.grd@greenalp.fr;17X100A100A0416I;greenalp.fr;38042;38185;Grenoble Cedex 9;Isère;Auvergne-Rhône-Alpes;Gaz;;EL099;45.1821215167, 5.72133051752
ELEK;Primeo Réseau de Distribution;26 Rue du Rhône - BP 28;68;03 89 89 76 40;v.sallet@primeo-energie.fr;17X100B100A2157X;primeo-alsace.fr;68301;68297;Saint Louis Cedex;Haut-Rhin;Grand Est;Électricité;672;EL055;47.6016553367, 7.54061872745
RCEM;Régie communale de distribution d'électricité et d'eau Mitry Mory;Rond point Stalingrad;77;01 60 21 20 60;service.client@rceem.com;17X100B100A2068W;www.rceem.fr;77290;77294;Mitry Mory;Seine-et-Marne;Île-de-France;Électricité;768;EL018;48.9779450158, 2.61244465751
MOND;Régie communale de Montdidier;Z.I. La Roseraie - BP 90041;80;03 22 78 74 70;accueil@regiecommunaledemondidier.fr;17X100B100A20716;regiecommunaledemontdidier.fr;80500;80561;Montdidier;Somme;Hauts-de-France;Électricité;732;EL007;49.6484417752, 2.56889051669
SAUL;Régie communale d'électricité de Saulnes;7 Rue Rougeleck - BP 7;54;03 82 23 46 15;regieelectriquesaulnes@wanadoo.fr;17X100B100A2121H;regieelectriquesaulnes.business.site;54650;54493;Saulnes;Meurthe-et-Moselle;Grand Est;Électricité;798;EL094;49.5293904249, 5.82642469537
SPCJ;Régie de Saint Paul Cap de Joux;1 Place de l'Hôtel de Ville;81;05 63 83 64 80;s.blanc@esl81.fr;17X100B100A2110M;esl-energies.fr/st_paul_cap_joux.html;81220;81266;Saint-Paul-Cap-De-Joux;Tarn;Occitanie;Électricité;;EL149;43.635057866, 1.98923840323
MVLZ;Régie d'électricité de Montvalezan-la-Rosiere;Le Chef lieu;73;04 79 06 84 45;accueil@regiemontvalezan.fr;17X100B100A2075Z;regiemontvalezan.fr;73700;73176;Montvalezan;Savoie;Auvergne-Rhône-Alpes;Électricité;740;EL035;45.633431524, 6.87462366552
SQUI;Régie d'électricité de Saint-Quirc;6, rue du Moulin - BP 18;09;05 61 60 33 69;responsable.technique@rme09.fr;17X100B100A2113G;rme09.fr/;09700;09282;Saverdun;Ariège;Occitanie;Électricité;852;EL134;43.2265667321, 1.57373634569
BESS;Régie électrique de Bessans;Mairie;73;04 79 05 96 05;secretariat@mairie-bessans.fr;17X100B100A2014I;regies-electricite-savoie.fr;73480;73040;Bessans;Savoie;Auvergne-Rhône-Alpes;Électricité;630;EL028;45.292032537, 7.04532734274
CABA;Régie électrique de La Cabanasse;10, avenue Lax;66;04 68 04 11 35;regie-la-cabanasse@wanadoo.fr;17X100B100A2022J;lacabanasse.fr/regie-electrique/;66210;66027;La Cabanasse;Pyrénées-Orientales;Occitanie;Électricité;640;EL061;42.5024173109, 2.10678145362
RCER;Régie électrique municipale de Saint Laurent de Cerdans;Mairie Rue de l'Eglise;66;04 68 39 50 04;mairie.st-laurent-de-cerdans@wanadoo.fr;17X100B100A2100P;facebook.com/people/régie-électrique-st-laurent-de-cerdans/100057512406705/;66260;66179;St Laurent De Cerdans;Pyrénées-Orientales;Occitanie;Électricité;770;EL063;42.3968213012, 2.62129986859
TIGN;Régie électriques de Tignes;Immeuble LA COMBE FOLLE - BP 52;73;04 79 06 37 60;accueil@tig.regielec.fr;17X100B100A21291;tignelec.com;73322;73296;Tignes Cedex;Savoie;Auvergne-Rhône-Alpes;Électricité;868;EL044;45.4816828491, 6.93635513554
NIED;Régie intercommunale d'électricité de Niederbronn-Reichshoffen;44, rue du Chemin de Fer;67;03 88 09 82 50;laregie@laregie-tv3v.com;17X100B100A2078T;laregie.fr;67110;67388;Reichshoffen;Bas-Rhin;Grand Est;Électricité;744;EL057;48.9374738141, 7.67524392533
BAZA;Régie Municipale Bazas-Energies;7 avenue du Général Tontoulon - BP 70021;33;05 56 25 12 11;regie.bazas@wanadoo.fr;17X100B100A2011O;bazas-energies.fr/;33430;33036;Bazas;Gironde;Nouvelle-Aquitaine;Électricité;626;EL115;44.4424533682, -0.212326795621
CAZO;Régie municipale de Cazouls-les-Béziers;23, Avenue Jean Jaurès;34;04 67 93 60 70;;17X100B100A20287;cazoulslesbeziers.com;34370;34069;Cazouls-Les-Beziers;Hérault;Occitanie;Électricité;650;EL111;43.3976310061, 3.09968408339
CLOU;Régie municipale d'électricité de Clouange;93 Rue Maréchal Joffre - BP 43;57;03 87 67 15 22;rmect@sitevo.fr;17X100B100A2032G;regie-clouange.com;57185;57143;Clouange;Moselle;Grand Est;Électricité;658;EL077;49.2636746222, 6.08746043718
DALO;Régie municipale d'électricité de Dalou;5, Avenue de Dalou;09;05 61 60 73 49;responsable.technique@rme09.fr;17X100B100A2033E;rme09.fr/;09120;09324;Varilhes;Ariège;Occitanie;Électricité;666;EL128;43.0547690657, 1.63364245482
RMAR;Régie municipale d'électricité de Martres Tolosane;12, Boulevard de la Magdeleine;31;05 61 98 80 02;contact@eleance.fr;17X100B100A20635;eleance.fr;31220;31324;Martres Tolosane;Haute-Garonne;Occitanie;Électricité;782;EL117;43.2020024621, 1.00117227256
BAIN;Régie municipale d'électricité de Salins les Bains;ZI Les Melincols - BP 7;39;03 84 73 78 00;rme.salins@wanadoo.fr;17X100B100A21178;electricite-salins.fr;39110;39500;Salins Les Bains;Jura;Bourgogne-Franche-Comté;Électricité;784;EL098;46.9478351925, 5.89762240995
ROMB;Régie municipale d'électricité et de télédistribution de Rombas;Rue du 8 mai 1945;57;03 87 67 03 83;regie.elec.rombas@wanadoo.fr;17X100B100A2094V;tvnetrombas.com;57120;57591;Rombas;Moselle;Grand Est;Électricité;788;EL088;49.2440664423, 6.08820823406
TALA;Régie municipale d'électricité et de télédistribution de Talange;10 Rue Emile Zola - BP 82;57;03 87 70 29 83;direction@talange.fr;17X100B100A21267;regie-talange.com;57525;57663;Talange;Moselle;Grand Est;Électricité;862;EL092;49.2342630409, 6.17206960901
QUIL;Energie Quillan Occitanie;18 rue de la Mairie;11;04 68 20 23 66;eqo.quillan@orange.fr;17X100B100A20902;oya-energies.fr/;11500;11304;Quillan;Aude;Occitanie;Électricité;764;EL125;42.8757498926, 2.19080612724
SLDN;Régie municipale électrique de Saint Leonard de Noblat;Chemin du Panaud;87;05 55 56 00 19;regie@ville-saint-leonard.fr;17X100B100A2102L;ville-saint-leonard.fr/ma-ville/services-municipaux;87400;87161;St Leonard De Noblat;Haute-Vienne;Nouvelle-Aquitaine;Électricité;830;EL009;45.8409102505, 1.4960643503
STBG;Réseau GDS;14, Place des Halles;67;03 88 75 20 20;grd@r-gds.fr;;reseau-gds.fr;67082;67482;Strasbourg Cedex;Bas-Rhin;Grand Est;Gaz;;EDG15;48.5712679849, 7.76752679517
BEAU;SEM Beauvois Distrelec;13 Rue Berthelot;59;03 27 85 09 85;contact@sicaesomme.fr;17X100B100A2013K;beauvoisdistrelec.fr;59157;59063;Beauvois-En-Cambresis;Nord;Hauts-de-France;Électricité;628;EL071;50.1403335661, 3.38449590227
SCAR;SICAE de Carnin;7 Rue Gabriel Péri;59;03 20 85 72 20;sicaecarnin@sicaesomme.fr;17X100B100A2148Y;sicaesomme.fr;59112;59133;Carnin;Nord;Hauts-de-France;Électricité;806;EL148;50.5196965937, 2.96024467267
SPSM;SICAE de Precy-Saint-Martin;28, rue Hautefeuille - BP 3;10;03 25 70 96 00;grd@sicae-precy.fr;17X100B100A2087S;sicae-precy.fr;10220;10287;Piney;Aube;Grand Est;Électricité;850;EL126;48.3314574257, 4.35909414684
SMMA;Syndicat d'électricité synergie Maurienne;2, Place du Marché;73;04 79 56 50 66;info@synergie-maurienne.fr;17X100B100A21089;regies-electricite-savoie.fr;73140;73261;St Michel De Maurienne;Savoie;Auvergne-Rhône-Alpes;Électricité;840;EL041;45.2382472621, 6.49342053727
LABE;Syndicat intercommunal d'électricité de Labergement Saint Marie;1 Chemin du Fourpéret;25;03 81 69 30 20;siel-fourperet@wanadoo.fr;17X100B100A20546;siel-fourperet.pagespro-orange.fr/;25160;25320;Labergement St-Marie;Doubs;Bourgogne-Franche-Comté;Électricité;704;EL124;46.7792090782, 6.276761432
CHAR;Synelva;BP 29;28;02 37 91 80 10;flc@rseipc.fr;17X100A100A03748;www.rseipc.fr;28110;28218;Luce;Eure-et-Loir;Centre-Val de Loire;Électricité;656;EL121;48.434779098, 1.45277569654
LUCE;Synelva;12 & 14, rue du Président Kennedy - BP 29;28;02 37 91 80 00;flc@rseipc.fr;17X100A100A03748;www.rseipc.fr;28111;28218;Luce Cedex;Eure-et-Loir;Centre-Val de Loire;Gaz;;EL121;48.434779098, 1.45277569654
VIAL;Vialis;10 Rue des Bonnes Gens - BP 70187;68;03 89 24 60 50;vialis.ard@calixo.net;17X100A100A05473;vialis.tm.fr;68004;68066;Colmar Cedex;Haut-Rhin;Grand Est;Électricité;880;EL052;48.1099405789, 7.38468690323
